tag,config,family,fold,roc_auc,ap,seconds,fit_count,rounds,cap,iterations_run,possibly_truncated
C00_base,C00,base,0,0.7831002510044813,0.2725426813079711,22.77276541700121,2,816,1000,866,False
C00_base,C00,base,1,0.7790814933015328,0.27407451474847383,21.870607750024647,2,780,1000,830,False
C00_base,C00,base,2,0.7785090747588177,0.26996418804349953,26.62574437499279,2,995,1000,1000,True
C01_base,C01,base,0,0.7842052938690359,0.2741800039996205,21.04586874996312,2,750,1000,800,False
C01_base,C01,base,1,0.7798193305386749,0.27573500292741593,18.139377833984327,2,636,1000,686,False
C01_base,C01,base,2,0.7797494435418942,0.2717931533990069,26.698641166032758,2,1000,1000,1000,True
C02_base,C02,base,0,0.7819444382043551,0.272189978838652,10.348365625017323,2,234,1000,284,False
C02_base,C02,base,1,0.777683898315467,0.272698280004012,13.04377824999392,2,320,1000,370,False
C02_base,C02,base,2,0.7760547364838093,0.2681540971638632,13.206808958027977,2,325,1000,375,False
C03_base,C03,base,0,0.782088457099143,0.2722590699063499,15.108042332984041,2,391,1000,441,False
C03_base,C03,base,1,0.7782104048003526,0.2736003699772368,12.249259000003804,2,298,1000,348,False
C03_base,C03,base,2,0.7777133472313515,0.2686530612906064,16.344043959048577,2,429,1000,479,False
C04_base,C04,base,0,0.7808043404832197,0.26974299963131926,9.568518083018716,2,155,1000,205,False
C04_base,C04,base,1,0.7770519452998446,0.2729481342022162,10.017356333031785,2,168,1000,218,False
C04_base,C04,base,2,0.7749655870240497,0.2637523754846135,10.613055458990857,2,186,1000,236,False
C05_base,C05,base,0,0.7806028492995509,0.2698857539672324,8.792377417034004,2,143,1000,193,False
C05_base,C05,base,1,0.7761292746556941,0.27134482756070133,11.362541500013322,2,215,1000,265,False
C05_base,C05,base,2,0.7760984671930942,0.26657917714059204,9.871679874951951,2,170,1000,220,False
C06_base,C06,base,0,0.7799301401935377,0.26581021342027106,9.178653999988455,2,107,1000,157,False
C06_base,C06,base,1,0.7748996250335748,0.271713676589529,9.533688750001602,2,114,1000,164,False
C06_base,C06,base,2,0.7717961614850878,0.2630341195848594,11.588933790975716,2,158,1000,208,False
C07_base,C07,base,0,0.7784455653833151,0.26580193985167,9.098623832978774,2,110,1000,160,False
C07_base,C07,base,1,0.7743073100342032,0.2699072372765349,10.476449125038926,2,140,1000,190,False
C07_base,C07,base,2,0.7741470285221782,0.26508370110823204,13.879203999997117,2,222,1000,272,False
C08_base,C08,base,0,0.7846174495229885,0.27565550578729636,51.243046583025716,2,1956,2000,2000,True
C08_base,C08,base,1,0.7805620733231621,0.27836948136320927,45.923503583006095,2,1687,2000,1787,False
C08_base,C08,base,2,0.7801808133876968,0.2719171280114586,52.113525542023126,2,2000,2000,2000,True
C09_base,C09,base,0,0.7834193708332005,0.27395106437645184,18.888750624959357,2,663,1000,713,False
C09_base,C09,base,1,0.7803340222145723,0.27687187249722334,22.189435834006872,2,797,1000,847,False
C09_base,C09,base,2,0.7793324308064127,0.2711931636720767,24.099398375023156,2,826,1000,876,False
C10_base,C10,base,0,0.784831642071133,0.2755284989365179,26.603762999991886,2,998,1000,1000,True
C10_base,C10,base,1,0.779697089755758,0.27689589463888203,18.140478416986298,2,640,1000,690,False
C10_base,C10,base,2,0.7803099591690348,0.27389819555792627,24.379512459039688,2,883,1000,933,False
C11_base,C11,base,0,0.7844976724873927,0.2755280942306846,47.402513917011674,2,1759,2000,1859,False
C11_base,C11,base,1,0.7808173948412402,0.27852958667065375,50.50215420901077,2,1832,2000,1932,True
C11_base,C11,base,2,0.7802510741269314,0.2726201897844761,51.673644291993696,2,1993,2000,2000,True
C01_T,C01,T,0,0.7842546400696031,0.2756160247960634,24.09460691700224,2,862,1000,912,False
C01_T,C01,T,1,0.7797425087009198,0.27619202069436677,19.749669625016395,2,694,1000,744,False
C01_T,C01,T,2,0.7789717210216305,0.27135271831785734,21.93438316596439,2,778,1000,828,False
C10_T,C10,T,0,0.7842658949647827,0.2747994501897662,22.419718791963533,2,813,1000,863,False
C10_T,C10,T,1,0.7801756250466316,0.2773102145658216,19.516642500006128,2,685,1000,735,False
C10_T,C10,T,2,0.7802808655216429,0.27367361641668686,26.674853999982588,2,1000,1000,1000,True
C01_S,C01,S,0,0.7837446502340194,0.2745657817319742,21.435703457973432,2,766,1000,816,False
C01_S,C01,S,1,0.7793028724678325,0.2748839015148191,17.355754374992102,2,606,1000,656,False
C01_S,C01,S,2,0.779432282568929,0.2715948957430808,26.3432829999947,2,980,1000,1000,True
C10_S,C10,S,0,0.7842381292904103,0.2750788958955851,22.176511458994355,2,792,1000,842,False
C10_S,C10,S,1,0.7806271911956988,0.2783583459900387,26.552064249990508,2,908,1000,958,True
C10_S,C10,S,2,0.7796455331921193,0.27259713941373553,25.710972792003304,2,903,1000,953,True
C01_TS,C01,TS,0,0.7844622481985754,0.2755514335710271,26.42811245797202,2,970,1000,1000,True
C01_TS,C01,TS,1,0.7802722495501615,0.27656189861384495,23.259187249990646,2,832,1000,882,False
C01_TS,C01,TS,2,0.7795491929033834,0.2716695193877796,25.833681542018894,2,935,1000,985,True
C10_TS,C10,TS,0,0.7849673984718583,0.2754372322600157,25.333103041979484,2,906,1000,956,True
C10_TS,C10,TS,1,0.7808271618826375,0.27852529143503346,27.037369375000708,2,986,1000,1000,True
C10_TS,C10,TS,2,0.779951805896325,0.2729012790646643,25.411648874985985,2,919,1000,969,True
