kind,family,new_tag,reference_tag,fold,auc_delta,ap_delta
fixed_config,T,C10_T,C10_base,0,-0.0005657471063502673,-0.0007290487467516704
fixed_config,T,C10_T,C10_base,1,0.00047853529087360513,0.000414319926939577
fixed_config,T,C10_T,C10_base,2,-2.9093647391897903e-05,-0.00022457914123941158
same_small_range_optimized,T,C10_T,C10_base,0,-0.0005657471063502673,-0.0007290487467516704
same_small_range_optimized,T,C10_T,C10_base,1,0.00047853529087360513,0.000414319926939577
same_small_range_optimized,T,C10_T,C10_base,2,-2.9093647391897903e-05,-0.00022457914123941158
fixed_config,S,C10_S,C10_base,0,-0.000593512780722727,-0.0004496030409327778
fixed_config,S,C10_S,C10_base,1,0.000930101439940767,0.0014624513511566906
fixed_config,S,C10_S,C10_base,2,-0.000664425976915517,-0.0013010561441907376
same_small_range_optimized,S,C10_S,C10_base,0,-0.000593512780722727,-0.0004496030409327778
same_small_range_optimized,S,C10_S,C10_base,1,0.000930101439940767,0.0014624513511566906
same_small_range_optimized,S,C10_S,C10_base,2,-0.000664425976915517,-0.0013010561441907376
fixed_config,TS,C10_TS,C10_base,0,0.00013575640072527317,-9.126667650216636e-05
fixed_config,TS,C10_TS,C10_base,1,0.0011300721268794334,0.0016293967961514277
fixed_config,TS,C10_TS,C10_base,2,-0.0003581532727098269,-0.0009969164932619456
same_small_range_optimized,TS,C10_TS,C10_base,0,0.00013575640072527317,-9.126667650216636e-05
same_small_range_optimized,TS,C10_TS,C10_base,1,0.0011300721268794334,0.0016293967961514277
same_small_range_optimized,TS,C10_TS,C10_base,2,-0.0003581532727098269,-0.0009969164932619456
