feature,value
CNT_CHILDREN,0.0
AMT_INCOME_TOTAL,0.011132959491029737
AMT_CREDIT,0.2525429873370947
AMT_ANNUITY,0.09653917843847253
AMT_GOODS_PRICE,-0.7889567426862426
REGION_POPULATION_RELATIVE,0.036112810911937625
DAYS_REGISTRATION,0.018688038416844036
DAYS_ID_PUBLISH,0.08723439463572907
OWN_CAR_AGE,0.03738179492975126
FLAG_MOBIL,0.0
FLAG_EMP_PHONE,0.0
FLAG_WORK_PHONE,0.1457951109647179
FLAG_CONT_MOBILE,-0.03354189205182187
FLAG_PHONE,-0.062216425282378696
FLAG_EMAIL,-0.024344640565893454
CNT_FAM_MEMBERS,-0.005530954560316884
REGION_RATING_CLIENT,-0.016709848707882023
REGION_RATING_CLIENT_W_CITY,0.09871784330249139
HOUR_APPR_PROCESS_START,-0.01038868121543213
REG_REGION_NOT_LIVE_REGION,-0.09243494640217788
REG_REGION_NOT_WORK_REGION,0.0
LIVE_REGION_NOT_WORK_REGION,-0.03890518669072752
REG_CITY_NOT_LIVE_CITY,0.15396040675584555
REG_CITY_NOT_WORK_CITY,-0.019920461011940508
LIVE_CITY_NOT_WORK_CITY,0.005896450281726809
EXT_SOURCE_1,-0.04141258695711953
EXT_SOURCE_2,-0.1763045511547434
EXT_SOURCE_3,-0.1628083312677363
APARTMENTS_AVG,0.0
BASEMENTAREA_AVG,-0.001696486858486319
YEARS_BEGINEXPLUATATION_AVG,0.0
YEARS_BUILD_AVG,0.03000296003683733
COMMONAREA_AVG,0.0
ELEVATORS_AVG,-0.060708752773651994
ENTRANCES_AVG,0.0
FLOORSMAX_AVG,0.0
FLOORSMIN_AVG,0.002174567804727719
LANDAREA_AVG,0.024994800293437723
LIVINGAPARTMENTS_AVG,0.0
LIVINGAREA_AVG,0.018329225271425675
NONLIVINGAPARTMENTS_AVG,-0.0372781693965734
NONLIVINGAREA_AVG,0.04548151224896649
APARTMENTS_MODE,0.0
BASEMENTAREA_MODE,0.0
YEARS_BEGINEXPLUATATION_MODE,-0.0085954991065456
YEARS_BUILD_MODE,-0.04707117444156516
COMMONAREA_MODE,0.017664215414253094
ELEVATORS_MODE,0.04370014818141853
ENTRANCES_MODE,-0.006335017205180287
FLOORSMAX_MODE,-0.02825581060547736
FLOORSMIN_MODE,0.0
LANDAREA_MODE,-0.0013153177918155787
LIVINGAPARTMENTS_MODE,-0.004139977312555142
LIVINGAREA_MODE,0.0
NONLIVINGAPARTMENTS_MODE,0.047187744166128934
NONLIVINGAREA_MODE,-0.05455271633287113
APARTMENTS_MEDI,0.0010535888764277388
BASEMENTAREA_MEDI,0.0031097390237003215
YEARS_BEGINEXPLUATATION_MEDI,-0.005607202586143911
YEARS_BUILD_MEDI,0.0
COMMONAREA_MEDI,-0.018399619194024608
ELEVATORS_MEDI,0.0
ENTRANCES_MEDI,-0.018831204527354914
FLOORSMAX_MEDI,0.0
FLOORSMIN_MEDI,0.0
LANDAREA_MEDI,-0.015427108005219587
LIVINGAPARTMENTS_MEDI,0.022040600840319516
LIVINGAREA_MEDI,0.0
NONLIVINGAPARTMENTS_MEDI,0.0
NONLIVINGAREA_MEDI,0.0
TOTALAREA_MODE,0.0
OBS_30_CNT_SOCIAL_CIRCLE,0.0031080664437031723
DEF_30_CNT_SOCIAL_CIRCLE,0.04647721344228033
OBS_60_CNT_SOCIAL_CIRCLE,0.0
DEF_60_CNT_SOCIAL_CIRCLE,0.029408139830013363
DAYS_LAST_PHONE_CHANGE,0.0510089353362491
FLAG_DOCUMENT_2,0.0
FLAG_DOCUMENT_3,0.25768658276166684
FLAG_DOCUMENT_4,0.0
FLAG_DOCUMENT_5,0.171962593610212
FLAG_DOCUMENT_6,0.19078302643612643
FLAG_DOCUMENT_7,0.0
FLAG_DOCUMENT_8,0.0888325967340046
FLAG_DOCUMENT_9,0.006823495479731428
FLAG_DOCUMENT_10,0.0
FLAG_DOCUMENT_11,-0.030086093646512182
FLAG_DOCUMENT_12,0.0
FLAG_DOCUMENT_13,-0.3075764811237041
FLAG_DOCUMENT_14,-0.19185810477895904
FLAG_DOCUMENT_15,-0.06665402706297173
FLAG_DOCUMENT_16,-0.3684471618795264
FLAG_DOCUMENT_17,0.0
FLAG_DOCUMENT_18,-0.345424202785593
FLAG_DOCUMENT_19,0.0
FLAG_DOCUMENT_20,0.0
FLAG_DOCUMENT_21,0.0
AMT_REQ_CREDIT_BUREAU_HOUR,-0.0018443056014570281
AMT_REQ_CREDIT_BUREAU_DAY,0.011681881103483243
AMT_REQ_CREDIT_BUREAU_WEEK,-0.005192330029848001
AMT_REQ_CREDIT_BUREAU_MON,-0.01383431121901444
AMT_REQ_CREDIT_BUREAU_QRT,-0.026875491535312684
AMT_REQ_CREDIT_BUREAU_YEAR,-0.0010004007890380884
BUREAU_COUNT,0.0
BUREAU_ACTIVE,0.11875870051266477
BUREAU_CLOSED,-0.069824019884304
BUREAU_AVG_CREDIT,-0.04457457929661324
BUREAU_MAX_CREDIT,-0.029944631009533453
BUREAU_AVG_DEBT,-0.0024074635238848325
BUREAU_MAX_OVERDUE,0.019995169097744413
PREV_COUNT,0.0645184142513692
PREV_APPROVED,-0.0916529972197619
PREV_REFUSED,-0.004983467449818932
PREV_AVG_AMT,0.07644699219498173
PREV_MAX_AMT,0.06281372968925224
PREV_AVG_ANNUITY,-0.20268105422334753
PREV_AVG_DAYS_DECISION,0.05923827966225655
INSTALL_COUNT,-0.11700863356060515
INSTALL_AVG_PAYMENT,-0.037262555376700014
INSTALL_MAX_PAYMENT,0.13754025982041337
INSTALL_MEAN_DAYS_ENTRY_PAYMENT,-0.05201065417400535
POS_COUNT,-0.05537424063605673
POS_AVG_DPD,0.031747019149087674
POS_MAX_DPD,-0.02156581334022374
POS_AVG_DPD_DEF,-0.002287264246282631
CC_COUNT,0.03133376409630988
CC_AVG_BALANCE,-0.04098449792454408
CC_MAX_BALANCE,0.12458596356976895
CC_AVG_LIMIT,-0.05792809341877458
CC_AVG_DPD,0.004838565304165137
INCOME_CREDIT_RATIO,-0.13257157336144404
ANNUITY_INCOME_RATIO,0.05794936348609267
YEARS_BIRTH,0.0
YEARS_EMPLOYED,-0.10765945631316058
R_DUE_EVENTS_COUNT,0.0
R_SPLIT_PAYMENT_RATE,0.023348621865805785
R_LATE_RATE,-0.00681206661114756
R_ON_TIME_SHORTFALL_MEAN,0.08065130692893466
R_UNDERPAID_RATE_ASOF,0.011139228594668309
R_ASOF_SHORTFALL_MEAN,0.004225761444496504
R_COMPLETION_DELAY_MEAN,0.0
R_COMPLETION_DELAY_MAX,0.006321979763181829
R_OVERDUE_DAYS_ASOF_MEAN,-0.014242777867041926
R_RECENT12_LATE_RATE,0.05039625001407225
R_RECENT12_SHORTFALL_MEAN,0.014803155843242533
R_DAYS_SINCE_LAST_LATE_DUE,-0.09015737195450485
H_ACTIVE_RATIO,-0.09432345560446652
H_CLOSED_RATIO,-0.13020052746492433
H_ACTIVE_NET_DEBT_CREDIT_RATIO_CUR1,0.226324765102839
H_CURRENT_OVERDUE_CREDIT_RATIO_CUR1,-0.002412815045225288
H_NEW_CREDIT_COUNT_12M,0.06249675533603603
H_NEW_CREDIT_ACTIVE_RATE_12M,0.033836806350933855
H_DAYS_SINCE_LATEST_OVERDUE_UPDATE,-0.0038428559504916785
H_PREV_REFUSAL_RATE,0.07740470598553686
H_PREV_COUNT_12M,0.005884994812998519
H_PREV_REFUSAL_RATE_12M,0.018480687321146334
H_CC_UTILIZATION_MEAN,0.02818014600605027
H_CC_MONTHS_SINCE_LAST_OVERDUE,0.012380261813665888
H_CC_OVERDUE_RATE_RECENT6,0.006246770680528522
H_CC_DPD_MEAN_RECENT6,-0.0072547826052478575
H_CC_UTILIZATION_RECENT6,0.11480619597906679
H_POS_MONTHS_SINCE_LAST_OVERDUE,-0.04465709656376516
H_POS_OVERDUE_RATE_RECENT6,0.04502111211944426
H_POS_DPD_MEAN_RECENT6,-0.02044555957397459
BB_HISTORY_LOAN_COUNT,0.015947224165529218
BB_OBSERVED_MONTHS_LOAN_MEAN,-0.0014340082824396186
BB_LOAN_OVERDUE_RATE_MEAN,0.06232204189210575
BB_LOAN_OVERDUE_RATE_MAX,-0.03329319650220773
BB_LOAN_SEVERE_RATE_MEAN,-0.011931836588836033
BB_MAX_SEVERITY,0.00483430341697449
BB_LATEST_OVERDUE_LOAN_RATE,0.00635877976100863
BB_LATEST_CLOSED_LOAN_RATE,-0.0020398110825048336
BB_RECENT6_OVERDUE_LOAN_RATE_MEAN,-0.008931699036546508
EMPLOYED_SPECIAL,0.0
CNT_CHILDREN__missing,0.0
AMT_INCOME_TOTAL__missing,0.0
AMT_CREDIT__missing,0.0
AMT_ANNUITY__missing,0.0
AMT_GOODS_PRICE__missing,0.16294512831288305
REGION_POPULATION_RELATIVE__missing,0.0
DAYS_REGISTRATION__missing,0.0
DAYS_ID_PUBLISH__missing,0.0
OWN_CAR_AGE__missing,0.07302640228922741
FLAG_MOBIL__missing,0.0
FLAG_EMP_PHONE__missing,0.0
FLAG_WORK_PHONE__missing,0.0
FLAG_CONT_MOBILE__missing,0.0
FLAG_PHONE__missing,0.0
FLAG_EMAIL__missing,0.0
CNT_FAM_MEMBERS__missing,0.0
REGION_RATING_CLIENT__missing,0.0
REGION_RATING_CLIENT_W_CITY__missing,0.0
HOUR_APPR_PROCESS_START__missing,0.0
REG_REGION_NOT_LIVE_REGION__missing,0.0
REG_REGION_NOT_WORK_REGION__missing,0.0
LIVE_REGION_NOT_WORK_REGION__missing,0.0
REG_CITY_NOT_LIVE_CITY__missing,0.0
REG_CITY_NOT_WORK_CITY__missing,0.0
LIVE_CITY_NOT_WORK_CITY__missing,0.0
EXT_SOURCE_1__missing,0.23630127468666845
EXT_SOURCE_2__missing,0.13962238396126533
EXT_SOURCE_3__missing,0.021647259419205006
APARTMENTS_AVG__missing,0.004654174545421143
BASEMENTAREA_AVG__missing,0.001935140850938635
YEARS_BEGINEXPLUATATION_AVG__missing,-0.00213537038930545
YEARS_BUILD_AVG__missing,0.011893335524271088
COMMONAREA_AVG__missing,0.0
ELEVATORS_AVG__missing,-0.0034305390789975687
ENTRANCES_AVG__missing,0.0
FLOORSMAX_AVG__missing,0.0036424180196869614
FLOORSMIN_AVG__missing,-0.0029663467755069958
LANDAREA_AVG__missing,0.00872467642494543
LIVINGAPARTMENTS_AVG__missing,0.010563067201526924
LIVINGAREA_AVG__missing,-0.032091621350455096
NONLIVINGAPARTMENTS_AVG__missing,0.0
NONLIVINGAREA_AVG__missing,0.0010061207891328328
APARTMENTS_MODE__missing,0.004654174545421143
BASEMENTAREA_MODE__missing,0.001935140850938635
YEARS_BEGINEXPLUATATION_MODE__missing,-0.00213537038930545
YEARS_BUILD_MODE__missing,0.011893335524271088
COMMONAREA_MODE__missing,0.0
ELEVATORS_MODE__missing,-0.0034305390789975687
ENTRANCES_MODE__missing,0.0
FLOORSMAX_MODE__missing,0.0036424180196869614
FLOORSMIN_MODE__missing,-0.0029663467755069958
LANDAREA_MODE__missing,0.00872467642494543
LIVINGAPARTMENTS_MODE__missing,0.010563067201526924
LIVINGAREA_MODE__missing,-0.032091621350455096
NONLIVINGAPARTMENTS_MODE__missing,0.0
NONLIVINGAREA_MODE__missing,0.0010061207891328328
APARTMENTS_MEDI__missing,0.004654174545421143
BASEMENTAREA_MEDI__missing,0.001935140850938635
YEARS_BEGINEXPLUATATION_MEDI__missing,-0.00213537038930545
YEARS_BUILD_MEDI__missing,0.011893335524271088
COMMONAREA_MEDI__missing,0.0
ELEVATORS_MEDI__missing,-0.0034305390789975687
ENTRANCES_MEDI__missing,0.0
FLOORSMAX_MEDI__missing,0.0036424180196869614
FLOORSMIN_MEDI__missing,-0.0029663467755069958
LANDAREA_MEDI__missing,0.00872467642494543
LIVINGAPARTMENTS_MEDI__missing,0.010563067201526924
LIVINGAREA_MEDI__missing,-0.032091621350455096
NONLIVINGAPARTMENTS_MEDI__missing,0.0
NONLIVINGAREA_MEDI__missing,0.0010061207891328328
TOTALAREA_MODE__missing,0.0424183680256062
OBS_30_CNT_SOCIAL_CIRCLE__missing,0.0
DEF_30_CNT_SOCIAL_CIRCLE__missing,0.0
OBS_60_CNT_SOCIAL_CIRCLE__missing,0.0
DEF_60_CNT_SOCIAL_CIRCLE__missing,0.0
DAYS_LAST_PHONE_CHANGE__missing,0.0
FLAG_DOCUMENT_2__missing,0.0
FLAG_DOCUMENT_3__missing,0.0
FLAG_DOCUMENT_4__missing,0.0
FLAG_DOCUMENT_5__missing,0.0
FLAG_DOCUMENT_6__missing,0.0
FLAG_DOCUMENT_7__missing,0.0
FLAG_DOCUMENT_8__missing,0.0
FLAG_DOCUMENT_9__missing,0.0
FLAG_DOCUMENT_10__missing,0.0
FLAG_DOCUMENT_11__missing,0.0
FLAG_DOCUMENT_12__missing,0.0
FLAG_DOCUMENT_13__missing,0.0
FLAG_DOCUMENT_14__missing,0.0
FLAG_DOCUMENT_15__missing,0.0
FLAG_DOCUMENT_16__missing,0.0
FLAG_DOCUMENT_17__missing,0.0
FLAG_DOCUMENT_18__missing,0.0
FLAG_DOCUMENT_19__missing,0.0
FLAG_DOCUMENT_20__missing,0.0
FLAG_DOCUMENT_21__missing,0.0
AMT_REQ_CREDIT_BUREAU_HOUR__missing,0.006375351057495017
AMT_REQ_CREDIT_BUREAU_DAY__missing,0.006375351057495017
AMT_REQ_CREDIT_BUREAU_WEEK__missing,0.006375351057495017
AMT_REQ_CREDIT_BUREAU_MON__missing,0.006375351057495017
AMT_REQ_CREDIT_BUREAU_QRT__missing,0.006375351057495017
AMT_REQ_CREDIT_BUREAU_YEAR__missing,0.006375351057495017
BUREAU_COUNT__missing,0.0
BUREAU_ACTIVE__missing,0.0
BUREAU_CLOSED__missing,0.0
BUREAU_AVG_CREDIT__missing,0.0
BUREAU_MAX_CREDIT__missing,0.0
BUREAU_AVG_DEBT__missing,-0.007792027558618382
BUREAU_MAX_OVERDUE__missing,0.017958634937026048
PREV_COUNT__missing,0.0047528200865223445
PREV_APPROVED__missing,0.0047528200865223445
PREV_REFUSED__missing,0.0047528200865223445
PREV_AVG_AMT__missing,0.0047528200865223445
PREV_MAX_AMT__missing,0.0047528200865223445
PREV_AVG_ANNUITY__missing,0.0
PREV_AVG_DAYS_DECISION__missing,0.0047528200865223445
INSTALL_COUNT__missing,0.0
INSTALL_AVG_PAYMENT__missing,0.0
INSTALL_MAX_PAYMENT__missing,0.0
INSTALL_MEAN_DAYS_ENTRY_PAYMENT__missing,0.0
POS_COUNT__missing,-0.0043151633285166205
POS_AVG_DPD__missing,-0.0043151633285166205
POS_MAX_DPD__missing,-0.0043151633285166205
POS_AVG_DPD_DEF__missing,-0.0043151633285166205
CC_COUNT__missing,-0.0011108377906530464
CC_AVG_BALANCE__missing,-0.0011108377906530464
CC_MAX_BALANCE__missing,-0.0011108377906530464
CC_AVG_LIMIT__missing,-0.0011108377906530464
CC_AVG_DPD__missing,-0.0011108377906530464
INCOME_CREDIT_RATIO__missing,0.0
ANNUITY_INCOME_RATIO__missing,0.0
YEARS_BIRTH__missing,0.0
R_DUE_EVENTS_COUNT__missing,0.0
R_SPLIT_PAYMENT_RATE__missing,0.0
R_LATE_RATE__missing,0.0
R_ON_TIME_SHORTFALL_MEAN__missing,0.0
R_UNDERPAID_RATE_ASOF__missing,0.0
R_ASOF_SHORTFALL_MEAN__missing,0.0
R_COMPLETION_DELAY_MEAN__missing,0.0
R_COMPLETION_DELAY_MAX__missing,0.0
R_OVERDUE_DAYS_ASOF_MEAN__missing,0.0
R_RECENT12_LATE_RATE__missing,0.07128559503676477
R_RECENT12_SHORTFALL_MEAN__missing,0.07128559503676477
R_DAYS_SINCE_LAST_LATE_DUE__missing,-0.20143581837381588
H_ACTIVE_RATIO__missing,0.0
H_CLOSED_RATIO__missing,0.0
H_ACTIVE_NET_DEBT_CREDIT_RATIO_CUR1__missing,0.11401914898730699
H_CURRENT_OVERDUE_CREDIT_RATIO_CUR1__missing,0.06454282491419777
H_NEW_CREDIT_COUNT_12M__missing,0.0
H_NEW_CREDIT_ACTIVE_RATE_12M__missing,0.06812093299177671
H_DAYS_SINCE_LATEST_OVERDUE_UPDATE__missing,-0.06270119793915234
H_PREV_REFUSAL_RATE__missing,0.0047528200865223445
H_PREV_COUNT_12M__missing,0.0047528200865223445
H_PREV_REFUSAL_RATE_12M__missing,-0.02013495241442912
H_CC_UTILIZATION_MEAN__missing,0.0
H_CC_MONTHS_SINCE_LAST_OVERDUE__missing,-0.010642244759353854
H_CC_OVERDUE_RATE_RECENT6__missing,-0.0011108377906530464
H_CC_DPD_MEAN_RECENT6__missing,-0.0011108377906530464
H_CC_UTILIZATION_RECENT6__missing,0.04204295925965201
H_POS_MONTHS_SINCE_LAST_OVERDUE__missing,-0.09818631921899411
H_POS_OVERDUE_RATE_RECENT6__missing,0.019601259146491346
H_POS_DPD_MEAN_RECENT6__missing,0.019601259146491346
BB_HISTORY_LOAN_COUNT__missing,0.0
BB_OBSERVED_MONTHS_LOAN_MEAN__missing,0.0
BB_LOAN_OVERDUE_RATE_MEAN__missing,-0.008077759527712584
BB_LOAN_OVERDUE_RATE_MAX__missing,-0.008077759527712584
BB_LOAN_SEVERE_RATE_MEAN__missing,-0.008077759527712584
BB_MAX_SEVERITY__missing,-0.008077759527712584
BB_LATEST_OVERDUE_LOAN_RATE__missing,0.0010708033490096475
BB_LATEST_CLOSED_LOAN_RATE__missing,0.0010708033490096475
BB_RECENT6_OVERDUE_LOAN_RATE_MEAN__missing,0.13144857878703645
NAME_CONTRACT_TYPE_Cash loans,-0.08921999381853307
NAME_CONTRACT_TYPE_Revolving loans,0.08896430804667062
CODE_GENDER_F,-0.15344449802511587
CODE_GENDER_M,0.16862956976208984
CODE_GENDER_XNA,0.0
FLAG_OWN_CAR_N,0.09146579795063658
FLAG_OWN_CAR_Y,-0.09161991149511357
FLAG_OWN_REALTY_N,-0.01084322974410983
FLAG_OWN_REALTY_Y,0.01078579532745443
NAME_TYPE_SUITE_Children,0.045965992061900725
NAME_TYPE_SUITE_Family,0.0
NAME_TYPE_SUITE_Group of people,0.0
NAME_TYPE_SUITE_Other_A,0.0
NAME_TYPE_SUITE_Other_B,0.09455700311872443
"NAME_TYPE_SUITE_Spouse, partner",-0.04244035265737233
NAME_TYPE_SUITE_Unaccompanied,0.0037770938622102394
NAME_TYPE_SUITE_Unknown,0.0
NAME_INCOME_TYPE_Businessman,0.0
NAME_INCOME_TYPE_Commercial associate,0.0
NAME_INCOME_TYPE_Maternity leave,0.0
NAME_INCOME_TYPE_Pensioner,0.0
NAME_INCOME_TYPE_State servant,-0.03959989361983534
NAME_INCOME_TYPE_Student,0.0
NAME_INCOME_TYPE_Unemployed,0.0
NAME_INCOME_TYPE_Working,0.08525381544711759
NAME_EDUCATION_TYPE_Academic degree,0.0
NAME_EDUCATION_TYPE_Higher education,-0.09365831536775797
NAME_EDUCATION_TYPE_Incomplete higher,-0.005104424322854943
NAME_EDUCATION_TYPE_Lower secondary,0.1747818418492121
NAME_EDUCATION_TYPE_Secondary / secondary special,0.16877000833424236
NAME_FAMILY_STATUS_Civil marriage,0.0
NAME_FAMILY_STATUS_Married,-0.15975002878660585
NAME_FAMILY_STATUS_Separated,0.02290489601636013
NAME_FAMILY_STATUS_Single / not married,0.0032549707270634488
NAME_FAMILY_STATUS_Unknown,0.0
NAME_FAMILY_STATUS_Widow,-0.08090741148516675
NAME_HOUSING_TYPE_Co-op apartment,0.0
NAME_HOUSING_TYPE_House / apartment,-0.04030032563071242
NAME_HOUSING_TYPE_Municipal apartment,0.1137928325268419
NAME_HOUSING_TYPE_Office apartment,-0.08596425247195283
NAME_HOUSING_TYPE_Rented apartment,0.07467132937607343
NAME_HOUSING_TYPE_With parents,0.0
OCCUPATION_TYPE_Accountants,-0.13222048820725565
OCCUPATION_TYPE_Cleaning staff,0.0378149150727617
OCCUPATION_TYPE_Cooking staff,0.0
OCCUPATION_TYPE_Core staff,-0.1223735808545173
OCCUPATION_TYPE_Drivers,0.08594599927267749
OCCUPATION_TYPE_HR staff,0.0
OCCUPATION_TYPE_High skill tech staff,-0.08749184136800478
OCCUPATION_TYPE_IT staff,0.0
OCCUPATION_TYPE_Laborers,0.019750372554749793
OCCUPATION_TYPE_Low-skill Laborers,0.11892720780958527
OCCUPATION_TYPE_Managers,-0.04814170205296926
OCCUPATION_TYPE_Medicine staff,-0.06187537755406486
OCCUPATION_TYPE_Private service staff,0.0
OCCUPATION_TYPE_Realty agents,0.0
OCCUPATION_TYPE_Sales staff,0.008725263617234262
OCCUPATION_TYPE_Secretaries,0.0
OCCUPATION_TYPE_Security staff,0.055617897687391754
OCCUPATION_TYPE_Unknown,-0.06436524426500177
OCCUPATION_TYPE_Waiters/barmen staff,0.01063997549691135
WEEKDAY_APPR_PROCESS_START_FRIDAY,0.0
WEEKDAY_APPR_PROCESS_START_MONDAY,-0.05013003100445052
WEEKDAY_APPR_PROCESS_START_SATURDAY,-0.059100252317803234
WEEKDAY_APPR_PROCESS_START_SUNDAY,-0.08563544834123558
WEEKDAY_APPR_PROCESS_START_THURSDAY,0.0015068181195356388
WEEKDAY_APPR_PROCESS_START_TUESDAY,0.011714390572077904
WEEKDAY_APPR_PROCESS_START_WEDNESDAY,0.017706658993307915
ORGANIZATION_TYPE_Advertising,0.0
ORGANIZATION_TYPE_Agriculture,0.02537968741000132
ORGANIZATION_TYPE_Bank,-0.21315835484627005
ORGANIZATION_TYPE_Business Entity Type 1,0.0
ORGANIZATION_TYPE_Business Entity Type 2,0.02018339723682443
ORGANIZATION_TYPE_Business Entity Type 3,0.08653308971555099
ORGANIZATION_TYPE_Cleaning,0.0
ORGANIZATION_TYPE_Construction,0.21717344439360936
ORGANIZATION_TYPE_Culture,0.0
ORGANIZATION_TYPE_Electricity,-0.015953116577739568
ORGANIZATION_TYPE_Emergency,0.0
ORGANIZATION_TYPE_Government,0.0
ORGANIZATION_TYPE_Hotel,-0.07271834513325777
ORGANIZATION_TYPE_Housing,0.0
ORGANIZATION_TYPE_Industry: type 1,0.006113518149988403
ORGANIZATION_TYPE_Industry: type 10,0.0
ORGANIZATION_TYPE_Industry: type 11,0.0
ORGANIZATION_TYPE_Industry: type 12,-0.026865275246238215
ORGANIZATION_TYPE_Industry: type 13,0.0
ORGANIZATION_TYPE_Industry: type 2,0.0
ORGANIZATION_TYPE_Industry: type 3,0.09169567317556618
ORGANIZATION_TYPE_Industry: type 4,0.0
ORGANIZATION_TYPE_Industry: type 5,0.0
ORGANIZATION_TYPE_Industry: type 6,0.0
ORGANIZATION_TYPE_Industry: type 7,0.0
ORGANIZATION_TYPE_Industry: type 8,0.0
ORGANIZATION_TYPE_Industry: type 9,-0.2098393618021105
ORGANIZATION_TYPE_Insurance,0.0
ORGANIZATION_TYPE_Kindergarten,-0.025304378348286062
ORGANIZATION_TYPE_Legal Services,0.03979674851194111
ORGANIZATION_TYPE_Medicine,-0.03157396664843802
ORGANIZATION_TYPE_Military,-0.2315862679427526
ORGANIZATION_TYPE_Mobile,0.0
ORGANIZATION_TYPE_Other,0.0
ORGANIZATION_TYPE_Police,-0.12796243639657007
ORGANIZATION_TYPE_Postal,0.02820274382834261
ORGANIZATION_TYPE_Realtor,0.22655665944345071
ORGANIZATION_TYPE_Religion,0.0
ORGANIZATION_TYPE_Restaurant,0.08720322469121133
ORGANIZATION_TYPE_School,-0.09417922305319736
ORGANIZATION_TYPE_Security,0.0
ORGANIZATION_TYPE_Security Ministries,-0.18530533696370438
ORGANIZATION_TYPE_Self-employed,0.1284804316822894
ORGANIZATION_TYPE_Services,0.0
ORGANIZATION_TYPE_Telecom,0.0
ORGANIZATION_TYPE_Trade: type 1,0.0
ORGANIZATION_TYPE_Trade: type 2,-0.16280144727225324
ORGANIZATION_TYPE_Trade: type 3,0.10906504886525548
ORGANIZATION_TYPE_Trade: type 4,0.0
ORGANIZATION_TYPE_Trade: type 5,0.0
ORGANIZATION_TYPE_Trade: type 6,-0.024734825942679617
ORGANIZATION_TYPE_Trade: type 7,0.007359979049443461
ORGANIZATION_TYPE_Transport: type 1,0.0
ORGANIZATION_TYPE_Transport: type 2,0.0
ORGANIZATION_TYPE_Transport: type 3,0.32692174147469677
ORGANIZATION_TYPE_Transport: type 4,0.06154790781018742
ORGANIZATION_TYPE_University,-0.007710287700981478
ORGANIZATION_TYPE_XNA,0.0
FONDKAPREMONT_MODE_Unknown,0.0
FONDKAPREMONT_MODE_not specified,0.018795480344349046
FONDKAPREMONT_MODE_org spec account,-0.05193972375830329
FONDKAPREMONT_MODE_reg oper account,0.02401933516853014
FONDKAPREMONT_MODE_reg oper spec account,-0.0500971880634986
HOUSETYPE_MODE_Unknown,0.0
HOUSETYPE_MODE_block of flats,0.0
HOUSETYPE_MODE_specific housing,0.00978660026863616
HOUSETYPE_MODE_terraced house,0.0
WALLSMATERIAL_MODE_Block,0.00031344770377710437
WALLSMATERIAL_MODE_Mixed,0.0
WALLSMATERIAL_MODE_Monolithic,0.0
WALLSMATERIAL_MODE_Others,0.03234532698106215
WALLSMATERIAL_MODE_Panel,-0.023839154048456872
"WALLSMATERIAL_MODE_Stone, brick",0.05081878767420393
WALLSMATERIAL_MODE_Unknown,-0.01708982386272738
WALLSMATERIAL_MODE_Wooden,-0.03611045142814854
EMERGENCYSTATE_MODE_No,-0.028627066907882633
EMERGENCYSTATE_MODE_Unknown,0.009321158073530008
EMERGENCYSTATE_MODE_Yes,0.0
YEARS_BIRTH_sp_0,0.0027380687706161965
YEARS_BIRTH_sp_1,-0.12184845581682725
YEARS_BIRTH_sp_2,0.07270670019677809
YEARS_BIRTH_sp_3,0.0
YEARS_BIRTH_sp_4,-0.036173986879156926
YEARS_BIRTH_sp_5,0.021481153073043952
YEARS_EMPLOYED_sp_0,0.0007049655442954278
YEARS_EMPLOYED_sp_1,0.019094841402717343
YEARS_EMPLOYED_sp_2,0.017661353907918433
YEARS_EMPLOYED_sp_3,0.0
YEARS_EMPLOYED_sp_4,-0.013666779678407083
YEARS_EMPLOYED_sp_5,0.016634419060995193
EXT_SOURCE_1_sp_0,0.10451811497573855
EXT_SOURCE_1_sp_1,0.0
EXT_SOURCE_1_sp_2,0.03228605342726956
EXT_SOURCE_1_sp_3,0.0
EXT_SOURCE_1_sp_4,-0.01566861909501215
EXT_SOURCE_1_sp_5,-0.05414044081863296
EXT_SOURCE_2_sp_0,0.06615213108039152
EXT_SOURCE_2_sp_1,0.03200951721447233
EXT_SOURCE_2_sp_2,0.015336885130320959
EXT_SOURCE_2_sp_3,0.0
EXT_SOURCE_2_sp_4,-0.027762552393140474
EXT_SOURCE_2_sp_5,-0.10012906193119431
EXT_SOURCE_3_sp_0,0.01803564968638937
EXT_SOURCE_3_sp_1,0.07640585170264139
EXT_SOURCE_3_sp_2,0.019113880343559934
EXT_SOURCE_3_sp_3,0.0
EXT_SOURCE_3_sp_4,-0.011171918575724107
EXT_SOURCE_3_sp_5,0.0
AMT_CREDIT_sp_0,-0.06123411267229801
AMT_CREDIT_sp_1,-0.15699225853762594
AMT_CREDIT_sp_2,-0.2363226501303326
AMT_CREDIT_sp_3,0.0
AMT_CREDIT_sp_4,0.04750560690914266
AMT_CREDIT_sp_5,0.10839700463292641
AMT_INCOME_TOTAL_sp_0,-0.011716977363929328
AMT_INCOME_TOTAL_sp_1,0.0
AMT_INCOME_TOTAL_sp_2,-0.03787876614756825
AMT_INCOME_TOTAL_sp_3,0.0065932516029686096
AMT_INCOME_TOTAL_sp_4,0.0
AMT_INCOME_TOTAL_sp_5,0.032008700659276926
ANNUITY_INCOME_RATIO_sp_0,0.03893514425430468
ANNUITY_INCOME_RATIO_sp_1,0.05006077686985456
ANNUITY_INCOME_RATIO_sp_2,-0.009840579804545339
ANNUITY_INCOME_RATIO_sp_3,0.0
ANNUITY_INCOME_RATIO_sp_4,0.0
ANNUITY_INCOME_RATIO_sp_5,0.006530929052035443
INTERACT_EXT2_EXT3,-0.061348362875161225
INTERACT_AGE_EXT3,-0.05844857662210816
