model,group,fold,roc_auc,ap,source,solver,iterations,attempts,kkt_residual,converged,seconds,features,nonzero_exact,nonzero_above_1e8,training_rows,tag,fitting_origin,fit_count,rounds
LR,A,0,0.7547863576643365,0.23672860429199657,本轮A组新训练,scipy L-BFGS-B positive/negative split,441.0,"[{'iterations': 441, 'success': True, 'message': 'CONVERGENCE: RELATIVE REDUCTION OF F <= FACTR*EPSMCH', 'ftol': 1e-12, 'kkt_residual': 1.74684352594154e-07}]",1.74684352594154e-07,True,16.51284595800098,408.0,211.0,211.0,194756,LR_A_fold0,new_training,1,
LR,A,1,0.7539134760667703,0.2405198786515037,本轮A组新训练,scipy L-BFGS-B positive/negative split,479.0,"[{'iterations': 479, 'success': True, 'message': 'CONVERGENCE: RELATIVE REDUCTION OF F <= FACTR*EPSMCH', 'ftol': 1e-12, 'kkt_residual': 2.103531399195687e-07}]",2.103531399195687e-07,True,17.617060415970627,408.0,224.0,224.0,194757,LR_A_fold1,new_training,1,
LR,A,2,0.7501221629791168,0.22923591074926672,本轮A组新训练,scipy L-BFGS-B positive/negative split,453.0,"[{'iterations': 453, 'success': True, 'message': 'CONVERGENCE: RELATIVE REDUCTION OF F <= FACTR*EPSMCH', 'ftol': 1e-12, 'kkt_residual': 1.6546996378305479e-07}]",1.6546996378305479e-07,True,16.87676883401582,407.0,221.0,221.0,194757,LR_A_fold2,new_training,1,
RF,A,0,0.7532210604895073,0.23302513008100764,本轮A组新训练,,,,,,72.02415683399886,,,,194756,RF_A_fold0,new_training,1,
RF,A,1,0.7519645015381186,0.23942768835143913,本轮A组新训练,,,,,,71.84930500003975,,,,194757,RF_A_fold1,new_training,1,
RF,A,2,0.7500708735773844,0.2296012061925539,本轮A组新训练,,,,,,74.18798187503126,,,,194757,RF_A_fold2,new_training,1,
LGB,A,0,0.7600245956047674,0.24228679642780737,本轮A组新训练,,,,,,10.952294833026826,,,,194756,LGB_A_fold0,new_training,2,470.0
LGB,A,1,0.7574077818525037,0.24695865693446484,本轮A组新训练,,,,,,11.265720541006885,,,,194757,LGB_A_fold1,new_training,2,489.0
LGB,A,2,0.7541728334349237,0.23679921870040646,本轮A组新训练,,,,,,14.159923665982205,,,,194757,LGB_A_fold2,new_training,2,650.0
LR,B,0,0.7650371289202021,0.2501721430070005,历史结果核验后复用,scipy L-BFGS-B positive/negative split,483.0,"[{'iterations': 483, 'success': True, 'message': 'CONVERGENCE: RELATIVE REDUCTION OF F <= FACTR*EPSMCH', 'ftol': 1e-12, 'kkt_residual': 1.8871095246986136e-07}]",1.8871095246986136e-07,True,21.361547000007704,462.0,247.0,247.0,194756,LR_v1_fold0,historical_verified_reuse,1,
LR,B,1,0.7627776210641088,0.2494619524094599,历史结果核验后复用,scipy L-BFGS-B positive/negative split,469.0,"[{'iterations': 469, 'success': True, 'message': 'CONVERGENCE: RELATIVE REDUCTION OF F <= FACTR*EPSMCH', 'ftol': 1e-12, 'kkt_residual': 1.655489943272893e-07}]",1.655489943272893e-07,True,20.914632708008867,462.0,255.0,255.0,194757,LR_v1_fold1,historical_verified_reuse,1,
LR,B,2,0.7600072828335683,0.24206534546134872,历史结果核验后复用,scipy L-BFGS-B positive/negative split,539.0,"[{'iterations': 539, 'success': True, 'message': 'CONVERGENCE: RELATIVE REDUCTION OF F <= FACTR*EPSMCH', 'ftol': 1e-12, 'kkt_residual': 1.4175212866701647e-07}]",1.4175212866701647e-07,True,23.565484374994412,461.0,251.0,251.0,194757,LR_v1_fold2,historical_verified_reuse,1,
LR,C,0,0.7769743796498855,0.2631276335088152,历史结果核验后复用,scipy L-BFGS-B positive/negative split,612.0,"[{'iterations': 612, 'success': True, 'message': 'CONVERGENCE: RELATIVE REDUCTION OF F <= FACTR*EPSMCH', 'ftol': 1e-12, 'kkt_residual': 2.1898772874221124e-07}]",2.1898772874221124e-07,True,34.00622741604457,540.0,291.0,291.0,194756,LR_v2_fold0,historical_verified_reuse,1,
LR,C,1,0.7731242105321259,0.2607837452005635,历史结果核验后复用,scipy L-BFGS-B positive/negative split,498.0,"[{'iterations': 498, 'success': True, 'message': 'CONVERGENCE: RELATIVE REDUCTION OF F <= FACTR*EPSMCH', 'ftol': 1e-12, 'kkt_residual': 2.018815503147006e-07}]",2.018815503147006e-07,True,28.354198542016093,540.0,316.0,316.0,194757,LR_v2_fold1,historical_verified_reuse,1,
LR,C,2,0.771740114327703,0.25583064745848405,历史结果核验后复用,scipy L-BFGS-B positive/negative split,579.0,"[{'iterations': 579, 'success': True, 'message': 'CONVERGENCE: RELATIVE REDUCTION OF F <= FACTR*EPSMCH', 'ftol': 1e-12, 'kkt_residual': 1.3948693400886794e-07}]",1.3948693400886794e-07,True,32.66711533302441,539.0,288.0,288.0,194757,LR_v2_fold2,historical_verified_reuse,1,
RF,B,0,0.7638792444577641,0.24489522570894268,历史结果核验后复用,,,,,,122.82962287496775,,,,194756,RF_v1_fold0,historical_verified_reuse,1,
RF,B,1,0.7627707274342792,0.253885982899368,历史结果核验后复用,,,,,,131.639223541948,,,,194757,RF_v1_fold1,historical_verified_reuse,1,
RF,B,2,0.7617897401776138,0.24408893784403718,历史结果核验后复用,,,,,,124.05462279199855,,,,194757,RF_v1_fold2,historical_verified_reuse,1,
RF,C,0,0.7672496926870835,0.2517630056884613,历史结果核验后复用,,,,,,154.45886912499554,,,,194756,RF_v2_fold0,historical_verified_reuse,1,
RF,C,1,0.7657742241132586,0.25828859094270623,历史结果核验后复用,,,,,,151.42879062495194,,,,194757,RF_v2_fold1,historical_verified_reuse,1,
RF,C,2,0.7649762029724044,0.2500033073099639,历史结果核验后复用,,,,,,152.26816754200263,,,,194757,RF_v2_fold2,historical_verified_reuse,1,
LGB,B,0,0.7750320925073553,0.26485724888926837,历史结果核验后复用,,,,,,15.073278249998111,,,,194756,LGB_v1_fold0,historical_verified_reuse,2,614.0
LGB,B,1,0.7718004275491462,0.2627565582545404,历史结果核验后复用,,,,,,14.626593708992004,,,,194757,LGB_v1_fold1,historical_verified_reuse,2,632.0
LGB,B,2,0.7694434456307622,0.2579189424305944,历史结果核验后复用,,,,,,19.579615208960604,,,,194757,LGB_v1_fold2,historical_verified_reuse,2,876.0
LGB,C,0,0.7831002510044813,0.2725426813079711,历史结果核验后复用,,,,,,22.29521804099204,,,,194756,LGB_v2_fold0,historical_verified_reuse,2,816.0
LGB,C,1,0.7790814933015328,0.27407451474847383,历史结果核验后复用,,,,,,21.365411500039045,,,,194757,LGB_v2_fold1,historical_verified_reuse,2,780.0
LGB,C,2,0.7785090747588177,0.26996418804349953,历史结果核验后复用,,,,,,26.116911542019807,,,,194757,LGB_v2_fold2,historical_verified_reuse,2,995.0
