model,group,auc_mean,auc_sd,ap_mean,ap_sd,source
LGB,A,0.757201736964065,0.0029313172798491596,0.24201489068755955,0.005085174122544531,本轮A组新训练
LGB,B,0.7720919885624212,0.0028057083501604524,0.26184424985813437,0.0035579845539622512,历史结果核验后复用
LGB,C,0.7802302730216106,0.0025018984718874647,0.2721937946999815,0.0020772548722610166,历史结果核验后复用
LR,A,0.7529406655700747,0.0024796064631850408,0.23549479789758898,0.005742272334959346,本轮A组新训练
LR,B,0.7626073442726264,0.002519242654667152,0.2472331469592697,0.004489512435960566,历史结果核验后复用
LR,C,0.7739462348365714,0.0027122271906267707,0.2599140087226209,0.0037254305134413576,历史结果核验后复用
RF,A,0.7517521452016701,0.0015857934309202568,0.23401800820833354,0.004987914708223684,本轮A组新训练
RF,B,0.7628132373565523,0.0010454005712215353,0.2476233821507826,0.00543853391387881,历史结果核验后复用
RF,C,0.7660000399242488,0.0011534441711924313,0.25335163464704386,0.004365121727372814,历史结果核验后复用
