model,contrast,fold,auc_delta,ap_delta
LR,B-A,0,0.010250771255865598,0.01344353871500395
LR,B-A,1,0.008864144997338563,0.008942073757956193
LR,B-A,2,0.009885119854451507,0.012829434712082005
LR,B-A,mean,0.00966667870255189,0.011738349061680716
LR,C-B,0,0.011937250729683324,0.01295549050181466
LR,C-B,1,0.010346589468017031,0.011321792791103624
LR,C-B,2,0.011732831494134621,0.013765301997135326
LR,C-B,mean,0.011338890563944992,0.012680861763351203
LR,C-A,0,0.022188021985548922,0.02639902921681861
LR,C-A,1,0.019210734465355594,0.020263866549059817
LR,C-A,2,0.02161795134858613,0.02659473670921733
LR,C-A,mean,0.021005569266496882,0.024419210825031918
RF,B-A,0,0.010658183968256796,0.011870095627935034
RF,B-A,1,0.010806225896160648,0.014458294547928852
RF,B-A,2,0.01171886660022936,0.014487731651483288
RF,B-A,mean,0.011061092154882268,0.013605373942449058
RF,C-B,0,0.0033704482293194227,0.006867779979518651
RF,C-B,1,0.003003496678979367,0.004402608043338252
RF,C-B,2,0.0031864627947906232,0.0059143694659267165
RF,C-B,mean,0.003186802567696471,0.005728252496261206
RF,C-A,0,0.014028632197576218,0.018737875607453686
RF,C-A,1,0.013809722575140015,0.018860902591267104
RF,C-A,2,0.014905329395019984,0.020402101117410004
RF,C-A,mean,0.014247894722578739,0.019333626438710266
LGB,B-A,0,0.015007496902587847,0.022570452461461
LGB,B-A,1,0.014392645696642559,0.01579790132007558
LGB,B-A,2,0.015270612195838473,0.021119723730187917
LGB,B-A,mean,0.014890251598356294,0.019829359170574833
LGB,C-B,0,0.008068158497126054,0.007685432418702731
LGB,C-B,1,0.007281065752386517,0.011317956493933412
LGB,C-B,2,0.00906562912805553,0.012045245612905153
LGB,C-B,mean,0.008138284459189368,0.0103495448418471
LGB,C-A,0,0.0230756553997139,0.03025588488016373
LGB,C-A,1,0.021673711449029076,0.027115857814008992
LGB,C-A,2,0.024336241323894003,0.03316496934309307
LGB,C-A,mean,0.02302853605754566,0.03017890401242193
